{
  "id": "3435339",
  "name": "壁纸",
  "font_family": "iconfont",
  "css_prefix_text": "icon-",
  "description": "",
  "glyphs": [
    {
      "icon_id": "1269",
      "name": "加",
      "font_class": "jia",
      "unicode": "e600",
      "unicode_decimal": 58880
    },
    {
      "icon_id": "2154996",
      "name": "播放器-播放（小电视）",
      "font_class": "bofangqi-bofangxiaodianshi",
      "unicode": "e6ab",
      "unicode_decimal": 59051
    },
    {
      "icon_id": "5121692",
      "name": "我的",
      "font_class": "wode-",
      "unicode": "e604",
      "unicode_decimal": 58884
    },
    {
      "icon_id": "5666397",
      "name": "主题",
      "font_class": "zhuti-",
      "unicode": "e60a",
      "unicode_decimal": 58890
    },
    {
      "icon_id": "11121438",
      "name": "组件",
      "font_class": "zujian",
      "unicode": "e634",
      "unicode_decimal": 58932
    },
    {
      "icon_id": "15463266",
      "name": "图片、壁纸",
      "font_class": "tupianbizhi",
      "unicode": "e6c6",
      "unicode_decimal": 59078
    }
  ]
}
